"account_id","group_id","createdAt","updatedAt"
166,169,"2025-03-01T08:13:51.480Z","2025-03-01T08:13:51.480Z"
167,169,"2025-03-01T08:13:51.480Z","2025-03-01T08:13:51.480Z"
168,169,"2025-03-01T08:13:51.480Z","2025-03-01T08:13:51.480Z"
169,169,"2025-03-01T08:13:51.480Z","2025-03-01T08:13:51.480Z"
170,169,"2025-03-01T08:13:51.480Z","2025-03-01T08:13:51.480Z"
171,169,"2025-03-01T08:13:51.480Z","2025-03-01T08:13:51.480Z"
172,169,"2025-03-01T08:13:51.480Z","2025-03-01T08:13:51.480Z"
173,169,"2025-03-01T08:13:51.480Z","2025-03-01T08:13:51.480Z"
174,169,"2025-03-01T08:13:51.480Z","2025-03-01T08:13:51.480Z"
175,169,"2025-03-01T08:13:51.480Z","2025-03-01T08:13:51.480Z"
176,169,"2025-03-01T08:13:51.480Z","2025-03-01T08:13:51.480Z"
177,182,"2025-03-01T08:13:51.480Z","2025-03-01T08:13:51.480Z"
178,182,"2025-03-01T08:13:51.480Z","2025-03-01T08:13:51.480Z"
179,182,"2025-03-01T08:13:51.480Z","2025-03-01T08:13:51.480Z"
180,182,"2025-03-01T08:13:51.480Z","2025-03-01T08:13:51.480Z"
181,182,"2025-03-01T08:13:51.480Z","2025-03-01T08:13:51.480Z"
182,169,"2025-03-01T08:13:51.480Z","2025-03-01T08:13:51.480Z"
183,169,"2025-03-01T08:13:51.480Z","2025-03-01T08:13:51.480Z"
184,182,"2025-03-01T08:13:51.480Z","2025-03-01T08:13:51.480Z"
185,182,"2025-03-01T08:13:51.480Z","2025-03-01T08:13:51.480Z"
186,169,"2025-03-01T08:13:51.480Z","2025-03-01T08:13:51.480Z"
187,169,"2025-03-01T08:13:51.480Z","2025-03-01T08:13:51.480Z"
188,169,"2025-03-01T08:13:51.480Z","2025-03-01T08:13:51.480Z"
189,169,"2025-03-01T08:13:51.480Z","2025-03-01T08:13:51.480Z"
190,182,"2025-03-01T08:13:51.480Z","2025-03-01T08:13:51.480Z"
191,169,"2025-03-01T08:13:51.480Z","2025-03-01T08:13:51.480Z"
192,178,"2025-03-01T08:13:51.480Z","2025-03-01T08:13:51.480Z"
193,178,"2025-03-01T08:13:51.480Z","2025-03-01T08:13:51.480Z"
194,197,"2025-03-01T08:13:51.480Z","2025-03-01T08:13:51.480Z"
195,167,"2025-03-01T08:13:51.480Z","2025-03-01T08:13:51.480Z"
196,167,"2025-03-01T08:13:51.480Z","2025-03-01T08:13:51.480Z"
197,167,"2025-03-01T08:13:51.480Z","2025-03-01T08:13:51.480Z"
198,167,"2025-03-01T08:13:51.480Z","2025-03-01T08:13:51.480Z"
199,167,"2025-03-01T08:13:51.480Z","2025-03-01T08:13:51.480Z"
200,167,"2025-03-01T08:13:51.480Z","2025-03-01T08:13:51.480Z"
202,167,"2025-03-01T08:13:51.480Z","2025-03-01T08:13:51.480Z"
203,167,"2025-03-01T08:13:51.480Z","2025-03-01T08:13:51.480Z"
204,167,"2025-03-01T08:13:51.480Z","2025-03-01T08:13:51.480Z"
205,167,"2025-03-01T08:13:51.480Z","2025-03-01T08:13:51.480Z"
206,167,"2025-03-01T08:13:51.480Z","2025-03-01T08:13:51.480Z"
207,167,"2025-03-01T08:13:51.480Z","2025-03-01T08:13:51.480Z"
208,167,"2025-03-01T08:13:51.480Z","2025-03-01T08:13:51.480Z"
209,167,"2025-03-01T08:13:51.480Z","2025-03-01T08:13:51.480Z"
210,167,"2025-03-01T08:13:51.480Z","2025-03-01T08:13:51.480Z"
211,167,"2025-03-01T08:13:51.480Z","2025-03-01T08:13:51.480Z"
212,167,"2025-03-01T08:13:51.480Z","2025-03-01T08:13:51.480Z"
213,167,"2025-03-01T08:13:51.480Z","2025-03-01T08:13:51.480Z"
214,167,"2025-03-01T08:13:51.480Z","2025-03-01T08:13:51.480Z"
215,167,"2025-03-01T08:13:51.480Z","2025-03-01T08:13:51.480Z"
216,167,"2025-03-01T08:13:51.480Z","2025-03-01T08:13:51.480Z"
217,167,"2025-03-01T08:13:51.480Z","2025-03-01T08:13:51.480Z"
218,167,"2025-03-01T08:13:51.480Z","2025-03-01T08:13:51.480Z"
219,167,"2025-03-01T08:13:51.480Z","2025-03-01T08:13:51.480Z"
220,167,"2025-03-01T08:13:51.480Z","2025-03-01T08:13:51.480Z"
221,167,"2025-03-01T08:13:51.480Z","2025-03-01T08:13:51.480Z"
222,167,"2025-03-01T08:13:51.480Z","2025-03-01T08:13:51.480Z"
223,167,"2025-03-01T08:13:51.480Z","2025-03-01T08:13:51.480Z"
224,167,"2025-03-01T08:13:51.480Z","2025-03-01T08:13:51.480Z"
225,167,"2025-03-01T08:13:51.480Z","2025-03-01T08:13:51.480Z"
226,167,"2025-03-01T08:13:51.480Z","2025-03-01T08:13:51.480Z"
227,167,"2025-03-01T08:13:51.480Z","2025-03-01T08:13:51.480Z"
228,167,"2025-03-01T08:13:51.480Z","2025-03-01T08:13:51.480Z"
229,167,"2025-03-01T08:13:51.480Z","2025-03-01T08:13:51.480Z"
230,167,"2025-03-01T08:13:51.480Z","2025-03-01T08:13:51.480Z"
231,167,"2025-03-01T08:13:51.480Z","2025-03-01T08:13:51.480Z"
232,167,"2025-03-01T08:13:51.480Z","2025-03-01T08:13:51.480Z"
233,167,"2025-03-01T08:13:51.480Z","2025-03-01T08:13:51.480Z"
234,167,"2025-03-01T08:13:51.480Z","2025-03-01T08:13:51.480Z"
235,167,"2025-03-01T08:13:51.480Z","2025-03-01T08:13:51.480Z"
236,167,"2025-03-01T08:13:51.480Z","2025-03-01T08:13:51.480Z"
237,167,"2025-03-01T08:13:51.480Z","2025-03-01T08:13:51.480Z"
238,167,"2025-03-01T08:13:51.480Z","2025-03-01T08:13:51.480Z"
239,167,"2025-03-01T08:13:51.480Z","2025-03-01T08:13:51.480Z"
240,167,"2025-03-01T08:13:51.480Z","2025-03-01T08:13:51.480Z"
241,167,"2025-03-01T08:13:51.480Z","2025-03-01T08:13:51.480Z"
242,167,"2025-03-01T08:13:51.480Z","2025-03-01T08:13:51.480Z"
243,167,"2025-03-01T08:13:51.480Z","2025-03-01T08:13:51.480Z"
244,167,"2025-03-01T08:13:51.480Z","2025-03-01T08:13:51.480Z"
245,167,"2025-03-01T08:13:51.480Z","2025-03-01T08:13:51.480Z"
246,167,"2025-03-01T08:13:51.480Z","2025-03-01T08:13:51.480Z"
247,167,"2025-03-01T08:13:51.480Z","2025-03-01T08:13:51.480Z"
248,167,"2025-03-01T08:13:51.480Z","2025-03-01T08:13:51.480Z"
249,167,"2025-03-01T08:13:51.480Z","2025-03-01T08:13:51.480Z"
250,167,"2025-03-01T08:13:51.480Z","2025-03-01T08:13:51.480Z"
251,167,"2025-03-01T08:13:51.480Z","2025-03-01T08:13:51.480Z"
252,167,"2025-03-01T08:13:51.480Z","2025-03-01T08:13:51.480Z"
253,167,"2025-03-01T08:13:51.480Z","2025-03-01T08:13:51.480Z"
254,167,"2025-03-01T08:13:51.480Z","2025-03-01T08:13:51.480Z"
255,167,"2025-03-01T08:13:51.480Z","2025-03-01T08:13:51.480Z"
256,167,"2025-03-01T08:13:51.480Z","2025-03-01T08:13:51.480Z"
257,167,"2025-03-01T08:13:51.480Z","2025-03-01T08:13:51.480Z"
258,167,"2025-03-01T08:13:51.480Z","2025-03-01T08:13:51.480Z"
259,167,"2025-03-01T08:13:51.480Z","2025-03-01T08:13:51.480Z"
260,167,"2025-03-01T08:13:51.480Z","2025-03-01T08:13:51.480Z"
261,167,"2025-03-01T08:13:51.480Z","2025-03-01T08:13:51.480Z"
262,167,"2025-03-01T08:13:51.480Z","2025-03-01T08:13:51.480Z"
263,167,"2025-03-01T08:13:51.480Z","2025-03-01T08:13:51.480Z"
264,167,"2025-03-01T08:13:51.480Z","2025-03-01T08:13:51.480Z"
265,167,"2025-03-01T08:13:51.480Z","2025-03-01T08:13:51.480Z"
266,167,"2025-03-01T08:13:51.480Z","2025-03-01T08:13:51.480Z"
267,167,"2025-03-01T08:13:51.480Z","2025-03-01T08:13:51.480Z"
268,167,"2025-03-01T08:13:51.480Z","2025-03-01T08:13:51.480Z"
269,167,"2025-03-01T08:13:51.480Z","2025-03-01T08:13:51.480Z"
270,167,"2025-03-01T08:13:51.480Z","2025-03-01T08:13:51.480Z"
271,167,"2025-03-01T08:13:51.480Z","2025-03-01T08:13:51.480Z"
272,167,"2025-03-01T08:13:51.480Z","2025-03-01T08:13:51.480Z"
273,167,"2025-03-01T08:13:51.480Z","2025-03-01T08:13:51.480Z"
274,167,"2025-03-01T08:13:51.480Z","2025-03-01T08:13:51.480Z"
275,167,"2025-03-01T08:13:51.480Z","2025-03-01T08:13:51.480Z"
276,167,"2025-03-01T08:13:51.480Z","2025-03-01T08:13:51.480Z"
277,167,"2025-03-01T08:13:51.480Z","2025-03-01T08:13:51.480Z"
280,167,"2025-03-01T08:13:51.480Z","2025-03-01T08:13:51.480Z"
281,167,"2025-03-01T08:13:51.480Z","2025-03-01T08:13:51.480Z"
282,167,"2025-03-01T08:13:51.480Z","2025-03-01T08:13:51.480Z"
283,167,"2025-03-01T08:13:51.480Z","2025-03-01T08:13:51.480Z"
284,167,"2025-03-01T08:13:51.480Z","2025-03-01T08:13:51.480Z"
285,167,"2025-03-01T08:13:51.480Z","2025-03-01T08:13:51.480Z"
286,167,"2025-03-01T08:13:51.480Z","2025-03-01T08:13:51.480Z"
287,167,"2025-03-01T08:13:51.480Z","2025-03-01T08:13:51.480Z"
288,167,"2025-03-01T08:13:51.480Z","2025-03-01T08:13:51.480Z"
289,167,"2025-03-01T08:13:51.480Z","2025-03-01T08:13:51.480Z"
290,167,"2025-03-01T08:13:51.480Z","2025-03-01T08:13:51.480Z"
291,167,"2025-03-01T08:13:51.480Z","2025-03-01T08:13:51.480Z"
292,167,"2025-03-01T08:13:51.480Z","2025-03-01T08:13:51.480Z"
293,167,"2025-03-01T08:13:51.480Z","2025-03-01T08:13:51.480Z"
294,167,"2025-03-01T08:13:51.480Z","2025-03-01T08:13:51.480Z"
295,167,"2025-03-01T08:13:51.480Z","2025-03-01T08:13:51.480Z"
296,167,"2025-03-01T08:13:51.480Z","2025-03-01T08:13:51.480Z"
297,167,"2025-03-01T08:13:51.480Z","2025-03-01T08:13:51.480Z"
298,167,"2025-03-01T08:13:51.480Z","2025-03-01T08:13:51.480Z"
299,167,"2025-03-01T08:13:51.480Z","2025-03-01T08:13:51.480Z"
300,167,"2025-03-01T08:13:51.480Z","2025-03-01T08:13:51.480Z"
301,167,"2025-03-01T08:13:51.480Z","2025-03-01T08:13:51.480Z"
302,167,"2025-03-01T08:13:51.480Z","2025-03-01T08:13:51.480Z"
303,167,"2025-03-01T08:13:51.480Z","2025-03-01T08:13:51.480Z"
304,167,"2025-03-01T08:13:51.480Z","2025-03-01T08:13:51.480Z"
305,167,"2025-03-01T08:13:51.480Z","2025-03-01T08:13:51.480Z"
306,167,"2025-03-01T08:13:51.480Z","2025-03-01T08:13:51.480Z"
307,167,"2025-03-01T08:13:51.480Z","2025-03-01T08:13:51.480Z"
308,167,"2025-03-01T08:13:51.480Z","2025-03-01T08:13:51.480Z"
309,167,"2025-03-01T08:13:51.480Z","2025-03-01T08:13:51.480Z"
310,167,"2025-03-01T08:13:51.480Z","2025-03-01T08:13:51.480Z"
311,167,"2025-03-01T08:13:51.480Z","2025-03-01T08:13:51.480Z"
312,167,"2025-03-01T08:13:51.480Z","2025-03-01T08:13:51.480Z"
313,167,"2025-03-01T08:13:51.480Z","2025-03-01T08:13:51.480Z"
314,167,"2025-03-01T08:13:51.480Z","2025-03-01T08:13:51.480Z"
315,167,"2025-03-01T08:13:51.480Z","2025-03-01T08:13:51.480Z"
316,167,"2025-03-01T08:13:51.480Z","2025-03-01T08:13:51.480Z"
317,167,"2025-03-01T08:13:51.480Z","2025-03-01T08:13:51.480Z"
318,167,"2025-03-01T08:13:51.480Z","2025-03-01T08:13:51.480Z"
319,167,"2025-03-01T08:13:51.480Z","2025-03-01T08:13:51.480Z"
320,167,"2025-03-01T08:13:51.480Z","2025-03-01T08:13:51.480Z"
321,167,"2025-03-01T08:13:51.480Z","2025-03-01T08:13:51.480Z"
322,167,"2025-03-01T08:13:51.480Z","2025-03-01T08:13:51.480Z"
323,167,"2025-03-01T08:13:51.480Z","2025-03-01T08:13:51.480Z"
324,167,"2025-03-01T08:13:51.480Z","2025-03-01T08:13:51.480Z"
325,167,"2025-03-01T08:13:51.480Z","2025-03-01T08:13:51.480Z"
326,167,"2025-03-01T08:13:51.480Z","2025-03-01T08:13:51.480Z"
327,167,"2025-03-01T08:13:51.480Z","2025-03-01T08:13:51.480Z"
328,167,"2025-03-01T08:13:51.480Z","2025-03-01T08:13:51.480Z"
329,167,"2025-03-01T08:13:51.480Z","2025-03-01T08:13:51.480Z"
330,167,"2025-03-01T08:13:51.480Z","2025-03-01T08:13:51.480Z"
331,167,"2025-03-01T08:13:51.480Z","2025-03-01T08:13:51.480Z"
332,167,"2025-03-01T08:13:51.480Z","2025-03-01T08:13:51.480Z"
333,167,"2025-03-01T08:13:51.480Z","2025-03-01T08:13:51.480Z"
334,167,"2025-03-01T08:13:51.480Z","2025-03-01T08:13:51.480Z"
335,167,"2025-03-01T08:13:51.480Z","2025-03-01T08:13:51.480Z"
336,167,"2025-03-01T08:13:51.480Z","2025-03-01T08:13:51.480Z"
337,167,"2025-03-01T08:13:51.480Z","2025-03-01T08:13:51.480Z"
338,167,"2025-03-01T08:13:51.480Z","2025-03-01T08:13:51.480Z"
339,167,"2025-03-01T08:13:51.480Z","2025-03-01T08:13:51.480Z"
340,167,"2025-03-01T08:13:51.480Z","2025-03-01T08:13:51.480Z"
341,167,"2025-03-01T08:13:51.480Z","2025-03-01T08:13:51.480Z"
342,167,"2025-03-01T08:13:51.480Z","2025-03-01T08:13:51.480Z"